ImageID,OT_value,OT_similarity,OT_row_cost
BraTS-GLI-00000-000.npz,0.9148346781730652,0.9148346781730652,0.004321943502873182
BraTS-GLI-00002-000.npz,0.9498403072357178,0.9498403072357178,0.004013270605355501
BraTS-GLI-00003-000.npz,0.9445520043373108,0.9445520043373108,0.004059901461005211
BraTS-GLI-00005-000.npz,0.9015908241271973,0.9015908241271973,0.004438724834471941
BraTS-GLI-00008-000.npz,0.912340521812439,0.912340521812439,0.0043439362198114395
BraTS-GLI-00009-000.npz,0.9365059733390808,0.9365059733390808,0.004130850080400705
BraTS-GLI-00009-001.npz,0.9484189748764038,0.9484189748764038,0.004025803413242102
BraTS-GLI-00011-000.npz,0.8129842877388,0.8129842877388,0.005220040678977966
BraTS-GLI-00014-000.npz,0.8262531161308289,0.8262531161308289,0.005103038623929024
BraTS-GLI-00014-001.npz,0.8852280974388123,0.8852280974388123,0.004583008587360382
BraTS-GLI-00016-000.npz,0.9370488524436951,0.9370488524436951,0.004126063082367182
BraTS-GLI-00016-001.npz,0.9048813581466675,0.9048813581466675,0.004409709945321083
BraTS-GLI-00017-000.npz,0.8868147134780884,0.8868147134780884,0.004569018259644508
BraTS-GLI-00017-001.npz,0.9415255188941956,0.9415255188941956,0.004086588509380817
BraTS-GLI-00018-000.npz,0.9228832721710205,0.9228832721710205,0.00425097206607461
BraTS-GLI-00019-000.npz,0.9692994356155396,0.9692994356155396,0.0038416835013777018
BraTS-GLI-00020-000.npz,0.9270301461219788,0.9270301461219788,0.0042144060134887695
BraTS-GLI-00020-001.npz,0.9316678643226624,0.9316678643226624,0.004173511639237404
BraTS-GLI-00021-000.npz,0.9253660440444946,0.9253660440444946,0.004229079931974411
BraTS-GLI-00021-001.npz,0.8901872634887695,0.8901872634887695,0.004539279732853174
BraTS-GLI-00022-001.npz,0.9680808782577515,0.9680808782577515,0.003852428402751684
BraTS-GLI-00024-000.npz,0.8899794816970825,0.8899794816970825,0.004541111644357443
BraTS-GLI-00024-001.npz,0.920832633972168,0.920832633972168,0.004269054625183344
BraTS-GLI-00025-000.npz,0.704430103302002,0.704430103302002,0.006177250761538744
BraTS-GLI-00030-000.npz,0.8760455250740051,0.8760455250740051,0.004663978703320026
BraTS-GLI-00031-001.npz,0.8214862942695618,0.8214862942695618,0.005145071540027857
BraTS-GLI-00032-000.npz,0.8048773407936096,0.8048773407936096,0.005291526205837727
BraTS-GLI-00032-001.npz,0.5687346458435059,0.5687346458435059,0.007373787462711334
BraTS-GLI-00033-000.npz,0.7465412616729736,0.7465412616729736,0.005805922672152519
BraTS-GLI-00035-000.npz,0.9747840762138367,0.9747840762138367,0.0037933208514004946
BraTS-GLI-00036-000.npz,0.7646828889846802,0.7646828889846802,0.005645953118801117
BraTS-GLI-00043-000.npz,0.8838659524917603,0.8838659524917603,0.004595019388943911
BraTS-GLI-00044-000.npz,0.9623462557792664,0.9623462557792664,0.0039029952604323626
BraTS-GLI-00045-000.npz,0.902773916721344,0.902773916721344,0.004428292624652386
BraTS-GLI-00045-001.npz,0.9505397081375122,0.9505397081375122,0.0040071033872663975
BraTS-GLI-00048-001.npz,0.9107632637023926,0.9107632637023926,0.00435784412547946
BraTS-GLI-00049-000.npz,0.9520075917243958,0.9520075917243958,0.0039941598661243916
BraTS-GLI-00051-000.npz,0.9346088171005249,0.9346088171005249,0.0041475784964859486
BraTS-GLI-00052-000.npz,0.7160845398902893,0.7160845398902893,0.006074483972042799
BraTS-GLI-00058-001.npz,0.9173601269721985,0.9173601269721985,0.004299674183130264
BraTS-GLI-00059-000.npz,0.9349573850631714,0.9349573850631714,0.0041445051319897175
BraTS-GLI-00059-001.npz,0.9056189656257629,0.9056189656257629,0.004403205588459969
BraTS-GLI-00061-000.npz,0.8652967214584351,0.8652967214584351,0.004758759401738644
BraTS-GLI-00061-001.npz,0.7736988663673401,0.7736988663673401,0.005566451698541641
BraTS-GLI-00062-000.npz,0.956660807132721,0.956660807132721,0.003953128587454557
BraTS-GLI-00063-000.npz,0.5756903290748596,0.5756903290748596,0.007312453351914883
BraTS-GLI-00066-000.npz,1.0,1.0,0.003570971777662635
BraTS-GLI-00068-000.npz,0.9532018899917603,0.9532018899917603,0.00398362847045064
BraTS-GLI-00070-000.npz,0.8796230554580688,0.8796230554580688,0.004632432479411364
BraTS-GLI-00071-000.npz,0.9558119177818298,0.9558119177818298,0.003960613626986742
BraTS-GLI-00077-000.npz,0.969106137752533,0.969106137752533,0.0038433880545198917
BraTS-GLI-00078-000.npz,0.9529335498809814,0.9529335498809814,0.003985994961112738
BraTS-GLI-00081-000.npz,0.7738537192344666,0.7738537192344666,0.005565086379647255
BraTS-GLI-00084-000.npz,0.9628315567970276,0.9628315567970276,0.0038987158332020044
BraTS-GLI-00084-001.npz,0.7997995018959045,0.7997995018959045,0.005336301401257515
BraTS-GLI-00087-000.npz,0.9202791452407837,0.9202791452407837,0.004273934755474329
BraTS-GLI-00088-000.npz,0.9633283615112305,0.9633283615112305,0.0038943353574723005
BraTS-GLI-00088-001.npz,0.9417406916618347,0.9417406916618347,0.004084691405296326
BraTS-GLI-00090-000.npz,0.9302117824554443,0.9302117824554443,0.004186350852251053
BraTS-GLI-00090-001.npz,0.9014263153076172,0.9014263153076172,0.004440175835043192
BraTS-GLI-00095-000.npz,0.5773464441299438,0.5773464441299438,0.007297849748283625
BraTS-GLI-00096-001.npz,0.8659994006156921,0.8659994006156921,0.004752563312649727
BraTS-GLI-00097-001.npz,0.969454824924469,0.969454824924469,0.003840313060209155
BraTS-GLI-00098-000.npz,0.8896963596343994,0.8896963596343994,0.0045436080545187
BraTS-GLI-00099-000.npz,0.9203588366508484,0.9203588366508484,0.004273232538253069
BraTS-GLI-00099-001.npz,0.9608250856399536,0.9608250856399536,0.003916408866643906
BraTS-GLI-00100-000.npz,0.8890467286109924,0.8890467286109924,0.0045493366196751595
BraTS-GLI-00102-000.npz,0.9289215803146362,0.9289215803146362,0.0041977278888225555
BraTS-GLI-00103-000.npz,0.724113941192627,0.724113941192627,0.0060036820359528065
BraTS-GLI-00104-000.npz,0.8536816835403442,0.8536816835403442,0.004861178807914257
BraTS-GLI-00105-000.npz,0.7480380535125732,0.7480380535125732,0.005792723968625069
BraTS-GLI-00107-000.npz,0.9131714701652527,0.9131714701652527,0.004336609039455652
BraTS-GLI-00108-000.npz,0.95376056432724,0.95376056432724,0.003978702239692211
BraTS-GLI-00109-000.npz,0.7557511925697327,0.7557511925697327,0.005724710877984762
BraTS-GLI-00112-000.npz,0.9546877145767212,0.9546877145767212,0.0039705270901322365
BraTS-GLI-00113-000.npz,0.8517051339149475,0.8517051339149475,0.004878607578575611
BraTS-GLI-00115-000.npz,0.8498294949531555,0.8498294949531555,0.00489514647051692
BraTS-GLI-00117-000.npz,0.7788884043693542,0.7788884043693542,0.005520691629499197
BraTS-GLI-00118-000.npz,0.8843790292739868,0.8843790292739868,0.004590495489537716
BraTS-GLI-00122-000.npz,0.9780606627464294,0.9780606627464294,0.003764428896829486
BraTS-GLI-00123-000.npz,0.9357749819755554,0.9357749819755554,0.004137295763939619
BraTS-GLI-00126-000.npz,0.5384030342102051,0.5384030342102051,0.007641245145350695
BraTS-GLI-00127-000.npz,0.903281569480896,0.903281569480896,0.004423816222697496
BraTS-GLI-00128-000.npz,0.8381056189537048,0.8381056189537048,0.004998525604605675
BraTS-GLI-00130-000.npz,0.818001925945282,0.818001925945282,0.0051757958717644215
BraTS-GLI-00133-000.npz,0.897645890712738,0.897645890712738,0.004473510663956404
BraTS-GLI-00134-000.npz,0.8614232540130615,0.8614232540130615,0.004792914725840092
BraTS-GLI-00136-000.npz,0.8450227975845337,0.8450227975845337,0.004937531426548958
BraTS-GLI-00137-000.npz,0.9165786504745483,0.9165786504745483,0.004306565038859844
BraTS-GLI-00139-000.npz,0.9264358878135681,0.9264358878135681,0.0042196460999548435
BraTS-GLI-00140-000.npz,0.5556209683418274,0.5556209683418274,0.007489421404898167
BraTS-GLI-00142-000.npz,0.9197773933410645,0.9197773933410645,0.004278359469026327
BraTS-GLI-00143-000.npz,0.7919183373451233,0.7919183373451233,0.005405796226114035
BraTS-GLI-00144-000.npz,0.8341147899627686,0.8341147899627686,0.005033715628087521
BraTS-GLI-00146-000.npz,0.8132473826408386,0.8132473826408386,0.005217720754444599
BraTS-GLI-00147-000.npz,0.858608067035675,0.858608067035675,0.00481773866340518
BraTS-GLI-00148-000.npz,0.8053701519966125,0.8053701519966125,0.005287180654704571
BraTS-GLI-00149-000.npz,0.9132105708122253,0.9132105708122253,0.0043362644501030445
BraTS-GLI-00150-000.npz,0.8740109205245972,0.8740109205245972,0.004681919701397419
BraTS-GLI-00151-000.npz,0.9547231197357178,0.9547231197357178,0.003970214631408453
BraTS-GLI-00152-000.npz,0.8590685725212097,0.8590685725212097,0.0048136780969798565
BraTS-GLI-00154-000.npz,0.6067379117012024,0.6067379117012024,0.007038681767880917
BraTS-GLI-00156-000.npz,0.8211973309516907,0.8211973309516907,0.005147619638592005
BraTS-GLI-00157-000.npz,0.4836788773536682,0.4836788773536682,0.008123792707920074
BraTS-GLI-00159-000.npz,0.5332808494567871,0.5332808494567871,0.0076864114962518215
BraTS-GLI-00160-000.npz,0.8743987679481506,0.8743987679481506,0.004678499419242144
BraTS-GLI-00162-000.npz,0.5818458199501038,0.5818458199501038,0.007258175406605005
BraTS-GLI-00165-000.npz,0.48220908641815186,0.48220908641815186,0.008136752992868423
BraTS-GLI-00166-000.npz,0.8976460099220276,0.8976460099220276,0.004473509732633829
BraTS-GLI-00167-000.npz,0.9574078917503357,0.9574078917503357,0.003946540877223015
BraTS-GLI-00170-000.npz,0.4795910716056824,0.4795910716056824,0.008159838616847992
BraTS-GLI-00172-000.npz,0.5357922315597534,0.5357922315597534,0.007664266973733902
BraTS-GLI-00177-000.npz,0.5983690619468689,0.5983690619468689,0.007112476509064436
BraTS-GLI-00178-000.npz,0.42646360397338867,0.42646360397338867,0.008628305979073048
BraTS-GLI-00183-000.npz,0.608722448348999,0.608722448348999,0.007021182216703892
BraTS-GLI-00184-000.npz,0.48026275634765625,0.48026275634765625,0.008153915405273438
BraTS-GLI-00185-000.npz,0.9178304672241211,0.9178304672241211,0.0042955270037055016
BraTS-GLI-00186-000.npz,0.3271408677101135,0.3271408677101135,0.009504115208983421
BraTS-GLI-00187-000.npz,0.7207804322242737,0.7207804322242737,0.00603307643905282
BraTS-GLI-00192-000.npz,0.8383674621582031,0.8383674621582031,0.004996216390281916
BraTS-GLI-00193-000.npz,0.8324023485183716,0.8324023485183716,0.005048816092312336
BraTS-GLI-00194-000.npz,0.6390964984893799,0.6390964984893799,0.006753349676728249
BraTS-GLI-00196-000.npz,0.4967297315597534,0.4967297315597534,0.008008712902665138
BraTS-GLI-00201-000.npz,0.5253921747207642,0.5253921747207642,0.0077559733763337135
BraTS-GLI-00203-000.npz,0.48028790950775146,0.48028790950775146,0.008153693750500679
BraTS-GLI-00204-000.npz,0.9786794781684875,0.9786794781684875,0.00375897204503417
BraTS-GLI-00209-000.npz,0.43808120489120483,0.43808120489120483,0.008525864221155643
BraTS-GLI-00212-000.npz,0.9913120865821838,0.9913120865821838,0.0036475802771747112
BraTS-GLI-00217-000.npz,0.6110208034515381,0.6110208034515381,0.007000916171818972
BraTS-GLI-00218-000.npz,0.19842660427093506,0.19842660427093506,0.01063909288495779
BraTS-GLI-00219-000.npz,0.9231038093566895,0.9231038093566895,0.0042490279302001
BraTS-GLI-00220-000.npz,0.5990515351295471,0.5990515351295471,0.007106458768248558
BraTS-GLI-00221-000.npz,0.8096061944961548,0.8096061944961548,0.0052498276345431805
BraTS-GLI-00222-000.npz,0.3768499493598938,0.3768499493598938,0.009065790101885796
BraTS-GLI-00227-000.npz,0.41460978984832764,0.41460978984832764,0.008732831105589867
BraTS-GLI-00230-000.npz,0.542693018913269,0.542693018913269,0.007603416685014963
BraTS-GLI-00234-000.npz,0.42750483751296997,0.42750483751296997,0.008619125001132488
BraTS-GLI-00236-000.npz,0.9010729789733887,0.9010729789733887,0.004443291574716568
BraTS-GLI-00238-000.npz,0.664827823638916,0.664827823638916,0.006526455748826265
BraTS-GLI-00240-000.npz,0.8291190266609192,0.8291190266609192,0.00507776765152812
BraTS-GLI-00241-000.npz,0.5479663610458374,0.5479663610458374,0.007556918077170849
BraTS-GLI-00242-000.npz,0.519004225730896,0.519004225730896,0.007812300696969032
BraTS-GLI-00243-000.npz,0.5464416742324829,0.5464416742324829,0.007570362649857998
BraTS-GLI-00246-000.npz,0.46952730417251587,0.46952730417251587,0.008248578757047653
BraTS-GLI-00247-000.npz,0.3383082151412964,0.3383082151412964,0.009405643679201603
BraTS-GLI-00249-000.npz,0.4729804992675781,0.4729804992675781,0.0082181291654706
BraTS-GLI-00250-000.npz,0.48378074169158936,0.48378074169158936,0.008122894912958145
BraTS-GLI-00251-000.npz,0.4509419798851013,0.4509419798851013,0.008412460796535015
BraTS-GLI-00253-000.npz,0.676337718963623,0.676337718963623,0.006424963474273682
BraTS-GLI-00259-000.npz,0.5208737850189209,0.5208737850189209,0.007795815356075764
BraTS-GLI-00260-000.npz,0.8100171089172363,0.8100171089172363,0.005246204324066639
BraTS-GLI-00261-000.npz,0.8850918412208557,0.8850918412208557,0.004584209993481636
BraTS-GLI-00262-000.npz,0.8745222091674805,0.8745222091674805,0.004677410703152418
BraTS-GLI-00263-000.npz,0.3597450256347656,0.3597450256347656,0.009216617792844772
BraTS-GLI-00266-000.npz,0.8982595801353455,0.8982595801353455,0.0044680992141366005
BraTS-GLI-00267-000.npz,0.8004306554794312,0.8004306554794312,0.005330735817551613
BraTS-GLI-00269-000.npz,0.9500922560691833,0.9500922560691833,0.004011048935353756
BraTS-GLI-00273-000.npz,0.41319406032562256,0.41319406032562256,0.008745314553380013
BraTS-GLI-00274-000.npz,0.7799052000045776,0.7799052000045776,0.0055117253214120865
BraTS-GLI-00275-000.npz,0.8826130628585815,0.8826130628585815,0.004606067202985287
BraTS-GLI-00280-000.npz,0.35196781158447266,0.35196781158447266,0.009285195730626583
BraTS-GLI-00281-000.npz,0.7917994856834412,0.7917994856834412,0.005406843964010477
BraTS-GLI-00283-000.npz,0.6338211894035339,0.6338211894035339,0.006799866445362568
BraTS-GLI-00284-000.npz,0.9183855056762695,0.9183855056762695,0.004290632903575897
BraTS-GLI-00285-000.npz,0.7302996516227722,0.7302996516227722,0.005949137732386589
BraTS-GLI-00286-000.npz,0.9101086854934692,0.9101086854934692,0.004363615997135639
BraTS-GLI-00289-000.npz,0.6088977456092834,0.6088977456092834,0.007019636686891317
BraTS-GLI-00290-000.npz,0.7046481966972351,0.7046481966972351,0.006175327580422163
BraTS-GLI-00291-000.npz,0.9460369348526001,0.9460369348526001,0.004046807996928692
BraTS-GLI-00292-000.npz,0.9161302447319031,0.9161302447319031,0.0043105194345116615
BraTS-GLI-00293-000.npz,0.8584365844726562,0.8584365844726562,0.0048192511312663555
BraTS-GLI-00294-000.npz,0.9026587009429932,0.9026587009429932,0.004429308697581291
BraTS-GLI-00296-000.npz,0.6147651672363281,0.6147651672363281,0.006967898458242416
BraTS-GLI-00297-000.npz,0.7249575853347778,0.7249575853347778,0.005996243096888065
BraTS-GLI-00299-000.npz,0.9559482932090759,0.9559482932090759,0.0039594112895429134
BraTS-GLI-00300-000.npz,0.42083895206451416,0.42083895206451416,0.008677903562784195
BraTS-GLI-00301-000.npz,0.608130693435669,0.608130693435669,0.007026400417089462
BraTS-GLI-00303-000.npz,0.42681336402893066,0.42681336402893066,0.008625222370028496
BraTS-GLI-00304-000.npz,0.41978782415390015,0.41978782415390015,0.008687172085046768
BraTS-GLI-00305-000.npz,0.8717366456985474,0.8717366456985474,0.004701973404735327
BraTS-GLI-00306-000.npz,0.4301100969314575,0.4301100969314575,0.008596152067184448
BraTS-GLI-00309-000.npz,0.9161784648895264,0.9161784648895264,0.004310093820095062
BraTS-GLI-00310-000.npz,0.9506949186325073,0.9506949186325073,0.004005734343081713
BraTS-GLI-00311-000.npz,0.8031843900680542,0.8031843900680542,0.005306454375386238
BraTS-GLI-00312-000.npz,0.9423081874847412,0.9423081874847412,0.004079686943441629
BraTS-GLI-00313-000.npz,0.767387866973877,0.767387866973877,0.00562210101634264
BraTS-GLI-00317-000.npz,0.9374331831932068,0.9374331831932068,0.004122673999518156
BraTS-GLI-00320-000.npz,0.7884474396705627,0.7884474396705627,0.005436401814222336
BraTS-GLI-00321-000.npz,0.7769380807876587,0.7769380807876587,0.005537889432162046
BraTS-GLI-00322-000.npz,0.6347593069076538,0.6347593069076538,0.006791593972593546
BraTS-GLI-00324-000.npz,0.9371926784515381,0.9371926784515381,0.0041247946210205555
BraTS-GLI-00327-000.npz,0.5153014659881592,0.5153014659881592,0.007844951003789902
BraTS-GLI-00328-000.npz,0.6496774554252625,0.6496774554252625,0.006660048849880695
BraTS-GLI-00329-000.npz,0.6314719915390015,0.6314719915390015,0.006820580922067165
BraTS-GLI-00331-000.npz,0.9038096070289612,0.9038096070289612,0.004419160075485706
BraTS-GLI-00334-000.npz,0.46505075693130493,0.46505075693130493,0.008288051933050156
BraTS-GLI-00336-000.npz,0.6714894771575928,0.6714894771575928,0.006467714905738831
BraTS-GLI-00338-000.npz,0.8605872392654419,0.8605872392654419,0.004800287075340748
BraTS-GLI-00340-000.npz,0.7984575033187866,0.7984575033187866,0.005348134785890579
BraTS-GLI-00341-000.npz,0.7869088649749756,0.7869088649749756,0.0054499683901667595
BraTS-GLI-00343-000.npz,0.8811886310577393,0.8811886310577393,0.004618627950549126
BraTS-GLI-00344-000.npz,0.5823683738708496,0.5823683738708496,0.007253567688167095
BraTS-GLI-00349-000.npz,0.9032647013664246,0.9032647013664246,0.004423965234309435
BraTS-GLI-00351-000.npz,0.9431836009025574,0.9431836009025574,0.004071968141943216
BraTS-GLI-00352-000.npz,0.9492103457450867,0.9492103457450867,0.004018825478851795
BraTS-GLI-00353-000.npz,0.7315356731414795,0.7315356731414795,0.005938238929957151
BraTS-GLI-00356-000.npz,0.71318519115448,0.71318519115448,0.006100050173699856
BraTS-GLI-00359-000.npz,0.43100255727767944,0.43100255727767944,0.008588282391428947
BraTS-GLI-00360-000.npz,0.7726019620895386,0.7726019620895386,0.005576124414801598
BraTS-GLI-00364-000.npz,0.778717041015625,0.778717041015625,0.005522202700376511
BraTS-GLI-00366-000.npz,0.5220443606376648,0.5220443606376648,0.007785493042320013
BraTS-GLI-00367-000.npz,0.9308789372444153,0.9308789372444153,0.004180468153208494
BraTS-GLI-00369-000.npz,0.8931479454040527,0.8931479454040527,0.004513172898441553
BraTS-GLI-00371-000.npz,0.7263983488082886,0.7263983488082886,0.005983538925647736
BraTS-GLI-00373-000.npz,0.4033890962600708,0.4033890962600708,0.008831772953271866
BraTS-GLI-00375-000.npz,0.8207226991653442,0.8207226991653442,0.005151805002242327
BraTS-GLI-00376-000.npz,0.7405350208282471,0.7405350208282471,0.005858884193003178
BraTS-GLI-00377-000.npz,0.8253353834152222,0.8253353834152222,0.005111130885779858
BraTS-GLI-00382-000.npz,0.4989607334136963,0.4989607334136963,0.007989040575921535
BraTS-GLI-00383-000.npz,0.762403130531311,0.762403130531311,0.005666055250912905
BraTS-GLI-00386-000.npz,0.563122034072876,0.563122034072876,0.007423277944326401
BraTS-GLI-00387-000.npz,0.18381935358047485,0.18381935358047485,0.01076789665967226
BraTS-GLI-00389-000.npz,0.7558420300483704,0.7558420300483704,0.005723909940570593
BraTS-GLI-00390-000.npz,0.8710313439369202,0.8710313439369202,0.004708192776888609
BraTS-GLI-00391-000.npz,0.45590054988861084,0.45590054988861084,0.008368737064301968
BraTS-GLI-00392-000.npz,0.4751560091972351,0.4751560091972351,0.00819894578307867
BraTS-GLI-00395-000.npz,0.8691515922546387,0.8691515922546387,0.004724767990410328
BraTS-GLI-00397-000.npz,0.7140353322029114,0.7140353322029114,0.0060925534926354885
BraTS-GLI-00400-000.npz,0.7832157015800476,0.7832157015800476,0.005482534412294626
BraTS-GLI-00402-000.npz,0.7859290838241577,0.7859290838241577,0.005458608269691467
BraTS-GLI-00404-000.npz,0.47402358055114746,0.47402358055114746,0.008208931423723698
BraTS-GLI-00405-000.npz,0.91349858045578,0.91349858045578,0.004333724733442068
BraTS-GLI-00406-000.npz,0.40725767612457275,0.40725767612457275,0.00879766047000885
BraTS-GLI-00407-000.npz,0.8777925968170166,0.8777925968170166,0.0046485732309520245
BraTS-GLI-00409-000.npz,0.6270370483398438,0.6270370483398438,0.006859687622636557
BraTS-GLI-00410-000.npz,0.6566601991653442,0.6566601991653442,0.0065984767861664295
BraTS-GLI-00413-000.npz,0.4625013470649719,0.4625013470649719,0.008310532197356224
BraTS-GLI-00414-000.npz,0.754827082157135,0.754827082157135,0.00573285948485136
BraTS-GLI-00416-000.npz,0.34429430961608887,0.34429430961608887,0.009352859109640121
BraTS-GLI-00418-000.npz,0.8872643709182739,0.8872643709182739,0.004565053153783083
BraTS-GLI-00419-000.npz,0.898419201374054,0.898419201374054,0.0044666919857263565
BraTS-GLI-00421-000.npz,0.43281638622283936,0.43281638622283936,0.008572288788855076
BraTS-GLI-00423-000.npz,0.7668625712394714,0.7668625712394714,0.00562673294916749
BraTS-GLI-00425-000.npz,0.35040414333343506,0.35040414333343506,0.009298983961343765
BraTS-GLI-00430-000.npz,0.583715558052063,0.583715558052063,0.007241688668727875
BraTS-GLI-00432-000.npz,0.9409095048904419,0.9409095048904419,0.004092020448297262
BraTS-GLI-00433-000.npz,0.6887102127075195,0.6887102127075195,0.006315865553915501
BraTS-GLI-00436-000.npz,0.9563050866127014,0.9563050866127014,0.003956265281885862
BraTS-GLI-00440-000.npz,0.9371768236160278,0.9371768236160278,0.004124934785068035
BraTS-GLI-00441-000.npz,0.31984442472457886,0.31984442472457886,0.009568453766405582
BraTS-GLI-00442-000.npz,0.4623786211013794,0.4623786211013794,0.008311614394187927
BraTS-GLI-00445-000.npz,0.8825098276138306,0.8825098276138306,0.004606977570801973
BraTS-GLI-00446-000.npz,0.911880373954773,0.911880373954773,0.004347993992269039
BraTS-GLI-00448-000.npz,0.7879109978675842,0.7879109978675842,0.005441132001578808
BraTS-GLI-00449-000.npz,0.8971450924873352,0.8971450924873352,0.004477926529943943
BraTS-GLI-00452-000.npz,0.5854778289794922,0.5854778289794922,0.007226148620247841
BraTS-GLI-00455-000.npz,0.868679404258728,0.868679404258728,0.004728931467980146
BraTS-GLI-00456-000.npz,0.8683289885520935,0.8683289885520935,0.0047320215962827206
BraTS-GLI-00459-000.npz,0.9402203559875488,0.9402203559875488,0.004098097328096628
BraTS-GLI-00464-000.npz,0.48692286014556885,0.48692286014556885,0.008095188066363335
BraTS-GLI-00464-001.npz,0.41880321502685547,0.41880321502685547,0.008695853874087334
BraTS-GLI-00466-000.npz,0.883310079574585,0.883310079574585,0.004599920939654112
BraTS-GLI-00469-000.npz,0.9564136862754822,0.9564136862754822,0.00395530741661787
BraTS-GLI-00469-001.npz,0.5398517847061157,0.5398517847061157,0.0076284706592559814
BraTS-GLI-00470-000.npz,0.9208939075469971,0.9208939075469971,0.00426851399242878
BraTS-GLI-00472-000.npz,0.9387046098709106,0.9387046098709106,0.004111462738364935
BraTS-GLI-00477-000.npz,0.7916748523712158,0.7916748523712158,0.005407943390309811
BraTS-GLI-00477-001.npz,0.9415230751037598,0.9415230751037598,0.004086609929800034
BraTS-GLI-00479-000.npz,0.8726425766944885,0.8726425766944885,0.0046939849853515625
BraTS-GLI-00479-001.npz,0.9364315271377563,0.9364315271377563,0.004131506197154522
BraTS-GLI-00480-001.npz,0.9809107184410095,0.9809107184410095,0.003739297389984131
BraTS-GLI-00481-001.npz,0.5512816905975342,0.5512816905975342,0.007527683861553669
BraTS-GLI-00483-000.npz,0.6909772157669067,0.6909772157669067,0.006295875646173954
BraTS-GLI-00483-001.npz,0.7394375801086426,0.7394375801086426,0.005868561565876007
BraTS-GLI-00485-000.npz,0.7731321454048157,0.7731321454048157,0.005571449175477028
BraTS-GLI-00488-000.npz,0.8892576098442078,0.8892576098442078,0.004547476768493652
BraTS-GLI-00491-000.npz,0.8201079368591309,0.8201079368591309,0.005157225765287876
BraTS-GLI-00491-001.npz,0.5766189694404602,0.5766189694404602,0.007304264698177576
BraTS-GLI-00493-000.npz,0.9566081762313843,0.9566081762313843,0.003953592386096716
BraTS-GLI-00494-000.npz,0.978507399559021,0.978507399559021,0.003760489635169506
BraTS-GLI-00494-001.npz,0.8459930419921875,0.8459930419921875,0.004928975366055965
BraTS-GLI-00495-001.npz,0.9379695057868958,0.9379695057868958,0.004117944743484259
BraTS-GLI-00496-000.npz,0.9581114053726196,0.9581114053726196,0.003940337337553501
BraTS-GLI-00498-000.npz,0.9162837862968445,0.9162837862968445,0.004309165291488171
BraTS-GLI-00498-001.npz,0.9603739976882935,0.9603739976882935,0.003920386545360088
BraTS-GLI-00499-001.npz,0.9661943316459656,0.9661943316459656,0.003869063686579466
BraTS-GLI-00502-000.npz,0.9530559182167053,0.9530559182167053,0.003984915558248758
BraTS-GLI-00502-001.npz,0.860426127910614,0.860426127910614,0.0048017073422670364
BraTS-GLI-00510-000.npz,0.923069179058075,0.923069179058075,0.0042493329383432865
BraTS-GLI-00510-001.npz,0.8316481113433838,0.8316481113433838,0.005055466666817665
BraTS-GLI-00513-000.npz,0.875028669834137,0.875028669834137,0.004672945011407137
BraTS-GLI-00514-000.npz,0.9484956860542297,0.9484956860542297,0.0040251268073916435
BraTS-GLI-00516-000.npz,0.9643135666847229,0.9643135666847229,0.0038856479804962873
BraTS-GLI-00517-001.npz,0.8915583491325378,0.8915583491325378,0.004527189303189516
BraTS-GLI-00518-000.npz,0.8285516500473022,0.8285516500473022,0.005082770250737667
BraTS-GLI-00518-001.npz,0.8637707233428955,0.8637707233428955,0.004772215615957975
BraTS-GLI-00519-000.npz,0.8731827735900879,0.8731827735900879,0.004689221736043692
BraTS-GLI-00520-000.npz,0.9543197154998779,0.9543197154998779,0.003973771817982197
BraTS-GLI-00524-000.npz,0.9723720550537109,0.9723720550537109,0.003814589697867632
BraTS-GLI-00525-000.npz,0.9561582803726196,0.9561582803726196,0.003957559820264578
BraTS-GLI-00525-001.npz,0.9835236668586731,0.9835236668586731,0.0037162569351494312
BraTS-GLI-00526-000.npz,0.9757719039916992,0.9757719039916992,0.0037846106570214033
BraTS-GLI-00528-000.npz,0.7769660353660583,0.7769660353660583,0.005537642631679773
BraTS-GLI-00529-000.npz,0.9106874465942383,0.9106874465942383,0.004358512815088034
BraTS-GLI-00532-000.npz,0.8304488062858582,0.8304488062858582,0.005066041834652424
BraTS-GLI-00538-000.npz,0.9143204092979431,0.9143204092979431,0.004326478112488985
BraTS-GLI-00543-000.npz,0.7711538672447205,0.7711538672447205,0.005588893312960863
BraTS-GLI-00544-000.npz,0.9239776134490967,0.9239776134490967,0.004241322632879019
BraTS-GLI-00544-001.npz,0.9016098380088806,0.9016098380088806,0.00443855719640851
BraTS-GLI-00545-001.npz,0.9352509379386902,0.9352509379386902,0.004141916520893574
BraTS-GLI-00547-000.npz,0.9700335264205933,0.9700335264205933,0.0038352105766534805
BraTS-GLI-00547-001.npz,0.8993310928344727,0.8993310928344727,0.0044586509466171265
BraTS-GLI-00548-000.npz,0.800155758857727,0.800155758857727,0.005333160050213337
BraTS-GLI-00548-001.npz,0.8556256890296936,0.8556256890296936,0.0048440368846058846
BraTS-GLI-00549-000.npz,0.9123088121414185,0.9123088121414185,0.0043442160822451115
BraTS-GLI-00550-000.npz,0.9444546699523926,0.9444546699523926,0.004060760140419006
BraTS-GLI-00552-001.npz,0.924034059047699,0.924034059047699,0.004240824840962887
BraTS-GLI-00555-000.npz,0.9596150517463684,0.9596150517463684,0.003927078563719988
BraTS-GLI-00556-000.npz,0.7868818044662476,0.7868818044662476,0.005450207274407148
BraTS-GLI-00556-001.npz,0.762455403804779,0.762455403804779,0.005665594711899757
BraTS-GLI-00557-000.npz,0.8546124696731567,0.8546124696731567,0.004852971527725458
BraTS-GLI-00558-000.npz,0.7677280902862549,0.7677280902862549,0.005619100760668516
BraTS-GLI-00558-001.npz,0.7401214838027954,0.7401214838027954,0.0058625307865440845
BraTS-GLI-00559-001.npz,0.958381175994873,0.958381175994873,0.003937958739697933
BraTS-GLI-00567-000.npz,0.8629870414733887,0.8629870414733887,0.004779125563800335
BraTS-GLI-00568-000.npz,0.35637813806533813,0.35637813806533813,0.009246306493878365
BraTS-GLI-00570-000.npz,0.8706191778182983,0.8706191778182983,0.004711827263236046
BraTS-GLI-00571-000.npz,0.975799024105072,0.975799024105072,0.003784371307119727
BraTS-GLI-00572-000.npz,0.7308827638626099,0.7308827638626099,0.005943995900452137
BraTS-GLI-00575-000.npz,0.8101166486740112,0.8101166486740112,0.005245327018201351
BraTS-GLI-00576-000.npz,0.8077656626701355,0.8077656626701355,0.005266057327389717
BraTS-GLI-00577-000.npz,0.7180854082107544,0.7180854082107544,0.006056840531527996
BraTS-GLI-00578-000.npz,0.712308943271637,0.712308943271637,0.006107776425778866
BraTS-GLI-00579-000.npz,0.9383666515350342,0.9383666515350342,0.0041144429706037045
BraTS-GLI-00580-000.npz,0.8604777455329895,0.8604777455329895,0.004801252391189337
BraTS-GLI-00582-000.npz,0.9762130975723267,0.9762130975723267,0.003780720056965947
BraTS-GLI-00583-000.npz,0.9585931897163391,0.9585931897163391,0.003936089109629393
BraTS-GLI-00584-000.npz,0.8698391914367676,0.8698391914367676,0.004718705080449581
BraTS-GLI-00586-000.npz,0.9335346221923828,0.9335346221923828,0.004157050512731075
BraTS-GLI-00589-000.npz,0.8780199289321899,0.8780199289321899,0.004646568559110165
BraTS-GLI-00593-000.npz,0.8545563220977783,0.8545563220977783,0.004853466060012579
BraTS-GLI-00594-000.npz,0.4865682125091553,0.4865682125091553,0.008098315447568893
BraTS-GLI-00596-000.npz,0.7301657199859619,0.7301657199859619,0.0059503186494112015
BraTS-GLI-00597-000.npz,0.45704787969589233,0.45704787969589233,0.00835862010717392
BraTS-GLI-00599-000.npz,0.8427440524101257,0.8427440524101257,0.004957624711096287
BraTS-GLI-00601-000.npz,0.9560920596122742,0.9560920596122742,0.003958143759518862
BraTS-GLI-00602-000.npz,0.9408836364746094,0.9408836364746094,0.004092248622328043
BraTS-GLI-00602-001.npz,0.957685649394989,0.957685649394989,0.003944091498851776
BraTS-GLI-00604-000.npz,0.9648674726486206,0.9648674726486206,0.003880763426423073
BraTS-GLI-00605-000.npz,0.849621057510376,0.849621057510376,0.004896984435617924
BraTS-GLI-00607-000.npz,0.9151658415794373,0.9151658415794373,0.0043190233409404755
BraTS-GLI-00607-001.npz,0.8853197693824768,0.8853197693824768,0.004582200199365616
BraTS-GLI-00608-001.npz,0.8929461240768433,0.8929461240768433,0.004514952190220356
BraTS-GLI-00610-000.npz,0.8317195177078247,0.8317195177078247,0.005054836627095938
BraTS-GLI-00610-001.npz,0.6891276836395264,0.6891276836395264,0.006312184035778046
BraTS-GLI-00611-000.npz,0.9271990060806274,0.9271990060806274,0.004212917294353247
BraTS-GLI-00611-001.npz,0.9742115139961243,0.9742115139961243,0.0037983697839081287
BraTS-GLI-00612-000.npz,0.8474805951118469,0.8474805951118469,0.004915858618915081
BraTS-GLI-00612-001.npz,0.956489086151123,0.956489086151123,0.003954642452299595
BraTS-GLI-00613-000.npz,0.8840229511260986,0.8840229511260986,0.004593634977936745
BraTS-GLI-00613-001.npz,0.8802033066749573,0.8802033066749573,0.0046273162588477135
BraTS-GLI-00615-000.npz,0.9000340700149536,0.9000340700149536,0.004452452063560486
BraTS-GLI-00616-000.npz,0.8712369203567505,0.8712369203567505,0.00470637995749712
BraTS-GLI-00618-000.npz,0.5403810739517212,0.5403810739517212,0.007623803801834583
BraTS-GLI-00619-000.npz,0.9315095543861389,0.9315095543861389,0.004174907226115465
BraTS-GLI-00619-001.npz,0.9305413961410522,0.9305413961410522,0.004183444660156965
BraTS-GLI-00620-000.npz,0.9349012970924377,0.9349012970924377,0.004144999664276838
BraTS-GLI-00620-001.npz,0.7261202931404114,0.7261202931404114,0.005985990632325411
BraTS-GLI-00622-000.npz,0.9051085114479065,0.9051085114479065,0.004407706670463085
BraTS-GLI-00624-000.npz,0.8173407316207886,0.8173407316207886,0.005181626416742802
BraTS-GLI-00628-000.npz,0.8819603323936462,0.8819603323936462,0.00461182277649641
BraTS-GLI-00630-000.npz,0.8116049766540527,0.8116049766540527,0.00523220282047987
BraTS-GLI-00636-000.npz,0.7119321823120117,0.7119321823120117,0.0061110989190638065
BraTS-GLI-00636-001.npz,0.7933371067047119,0.7933371067047119,0.005393285769969225
BraTS-GLI-00638-000.npz,0.9114478826522827,0.9114478826522827,0.004351807292550802
BraTS-GLI-00639-000.npz,0.9758394956588745,0.9758394956588745,0.0037840146105736494
BraTS-GLI-00640-000.npz,0.8652639985084534,0.8652639985084534,0.0047590481117367744
BraTS-GLI-00641-001.npz,0.9568089842796326,0.9568089842796326,0.003951821941882372
BraTS-GLI-00642-000.npz,0.9586066603660583,0.9586066603660583,0.003935970366001129
BraTS-GLI-00645-000.npz,0.9571338891983032,0.9571338891983032,0.003948956727981567
BraTS-GLI-00646-000.npz,0.7969057559967041,0.7969057559967041,0.005361818242818117
BraTS-GLI-00646-001.npz,0.7667587399482727,0.7667587399482727,0.005627648439258337
BraTS-GLI-00649-000.npz,0.9601261615753174,0.9601261615753174,0.003922571428120136
BraTS-GLI-00649-001.npz,0.8227912187576294,0.8227912187576294,0.005133564583957195
BraTS-GLI-00650-000.npz,0.9287059307098389,0.9287059307098389,0.004199629183858633
BraTS-GLI-00652-000.npz,0.5829083323478699,0.5829083323478699,0.0072488063015043736
BraTS-GLI-00654-000.npz,0.8017748594284058,0.8017748594284058,0.005318882875144482
BraTS-GLI-00654-001.npz,0.8922576904296875,0.8922576904296875,0.004521023016422987
BraTS-GLI-00655-000.npz,0.48478907346725464,0.48478907346725464,0.008114003576338291
BraTS-GLI-00655-001.npz,0.8186906576156616,0.8186906576156616,0.005169722717255354
BraTS-GLI-00658-000.npz,0.6745235919952393,0.6745235919952393,0.006440960336476564
BraTS-GLI-00663-000.npz,0.9050426483154297,0.9050426483154297,0.004408287350088358
BraTS-GLI-00668-000.npz,0.9596263766288757,0.9596263766288757,0.003926978446543217
BraTS-GLI-00674-000.npz,0.9341187477111816,0.9341187477111816,0.004151900298893452
BraTS-GLI-00675-000.npz,0.8942247629165649,0.8942247629165649,0.004503677599132061
BraTS-GLI-00675-001.npz,0.8538011312484741,0.8538011312484741,0.004860125482082367
BraTS-GLI-00677-000.npz,0.8294862508773804,0.8294862508773804,0.005074529442936182
BraTS-GLI-00682-000.npz,0.8970968127250671,0.8970968127250671,0.00447835261002183
BraTS-GLI-00683-000.npz,0.8414239287376404,0.8414239287376404,0.004969265311956406
BraTS-GLI-00684-000.npz,0.12879031896591187,0.12879031896591187,0.011253132484853268
BraTS-GLI-00685-000.npz,0.8517346978187561,0.8517346978187561,0.004878346808254719
BraTS-GLI-00685-001.npz,0.9256911873817444,0.9256911873817444,0.004226212855428457
BraTS-GLI-00687-000.npz,0.9885255098342896,0.9885255098342896,0.003672151593491435
BraTS-GLI-00689-000.npz,0.8986862301826477,0.8986862301826477,0.004464337136596441
BraTS-GLI-00689-001.npz,0.939408004283905,0.939408004283905,0.004105260595679283
BraTS-GLI-00692-000.npz,0.8969630002975464,0.8969630002975464,0.004479532595723867
BraTS-GLI-00692-001.npz,0.9576284885406494,0.9576284885406494,0.00394459581002593
BraTS-GLI-00693-000.npz,0.9537668824195862,0.9537668824195862,0.003978646360337734
BraTS-GLI-00694-000.npz,0.9654120206832886,0.9654120206832886,0.003875961760058999
BraTS-GLI-00694-001.npz,0.8680957555770874,0.8680957555770874,0.0047340779565274715
BraTS-GLI-00703-000.npz,0.894687831401825,0.894687831401825,0.0044995942153036594
BraTS-GLI-00703-001.npz,0.8816013932228088,0.8816013932228088,0.004614987876266241
BraTS-GLI-00705-000.npz,0.7997221350669861,0.7997221350669861,0.005336983595043421
BraTS-GLI-00706-000.npz,0.7188599109649658,0.7188599109649658,0.006050011143088341
BraTS-GLI-00707-000.npz,0.8482080101966858,0.8482080101966858,0.004909444600343704
BraTS-GLI-00708-001.npz,0.9048721194267273,0.9048721194267273,0.004409791436046362
BraTS-GLI-00709-000.npz,0.8740876913070679,0.8740876913070679,0.0046812426298856735
BraTS-GLI-00714-000.npz,0.8871004581451416,0.8871004581451416,0.004566498100757599
BraTS-GLI-00716-000.npz,0.857709527015686,0.857709527015686,0.004825661890208721
BraTS-GLI-00718-000.npz,0.8450219631195068,0.8450219631195068,0.0049375384114682674
BraTS-GLI-00723-000.npz,0.9740404486656189,0.9740404486656189,0.003799878293648362
BraTS-GLI-00724-000.npz,0.9383537769317627,0.9383537769317627,0.00411455612629652
BraTS-GLI-00725-001.npz,0.6938776969909668,0.6938776969909668,0.006270299665629864
BraTS-GLI-00727-000.npz,0.8747612237930298,0.8747612237930298,0.004675303585827351
BraTS-GLI-00727-001.npz,0.9098536372184753,0.9098536372184753,0.004365865141153336
BraTS-GLI-00729-000.npz,0.9583960175514221,0.9583960175514221,0.0039378278888762
BraTS-GLI-00729-001.npz,0.9514601826667786,0.9514601826667786,0.003998986445367336
BraTS-GLI-00730-000.npz,0.9119572639465332,0.9119572639465332,0.004347315989434719
BraTS-GLI-00731-000.npz,0.9683336019515991,0.9683336019515991,0.0038502002134919167
BraTS-GLI-00731-001.npz,0.7638310790061951,0.7638310790061951,0.005653464235365391
BraTS-GLI-00732-000.npz,0.6204702258110046,0.6204702258110046,0.006917592603713274
BraTS-GLI-00732-001.npz,0.8860080242156982,0.8860080242156982,0.004576131235808134
BraTS-GLI-00733-000.npz,0.766451895236969,0.766451895236969,0.005630354396998882
BraTS-GLI-00734-000.npz,0.8787774443626404,0.8787774443626404,0.004639889113605022
BraTS-GLI-00735-000.npz,0.951312243938446,0.951312243938446,0.0040002912282943726
BraTS-GLI-00736-000.npz,0.8005720973014832,0.8005720973014832,0.005329488776624203
BraTS-GLI-00736-001.npz,0.8857364654541016,0.8857364654541016,0.0045785256661474705
BraTS-GLI-00737-000.npz,0.949419379234314,0.949419379234314,0.004016981925815344
BraTS-GLI-00742-000.npz,0.9706199169158936,0.9706199169158936,0.0038300396408885717
BraTS-GLI-00744-000.npz,0.8771693706512451,0.8771693706512451,0.004654068499803543
BraTS-GLI-00746-000.npz,0.4671861529350281,0.4671861529350281,0.00826922245323658
BraTS-GLI-00750-000.npz,0.9530024528503418,0.9530024528503418,0.003985387273132801
BraTS-GLI-00750-001.npz,0.8046295642852783,0.8046295642852783,0.0052937110885977745
BraTS-GLI-00751-001.npz,0.6040650606155396,0.6040650606155396,0.007062250282615423
BraTS-GLI-00753-000.npz,0.8615095615386963,0.8615095615386963,0.004792153835296631
BraTS-GLI-00753-001.npz,0.762263834476471,0.762263834476471,0.0056672836653888226
BraTS-GLI-00756-000.npz,0.946784257888794,0.946784257888794,0.004040217958390713
BraTS-GLI-00756-001.npz,0.9132534861564636,0.9132534861564636,0.004335885867476463
BraTS-GLI-00757-000.npz,0.8884178996086121,0.8884178996086121,0.004554881248623133
BraTS-GLI-00758-000.npz,0.9222959876060486,0.9222959876060486,0.004256150685250759
BraTS-GLI-00759-000.npz,0.9271531105041504,0.9271531105041504,0.004213321954011917
BraTS-GLI-00760-000.npz,0.9142641425132751,0.9142641425132751,0.004326974041759968
BraTS-GLI-00767-000.npz,0.9461522102355957,0.9461522102355957,0.004045791458338499
BraTS-GLI-00767-001.npz,0.8747693300247192,0.8747693300247192,0.004675231873989105
BraTS-GLI-00768-000.npz,0.8134918808937073,0.8134918808937073,0.005215564742684364
BraTS-GLI-00768-001.npz,0.9776973724365234,0.9776973724365234,0.003767632180824876
BraTS-GLI-00772-000.npz,0.7995303869247437,0.7995303869247437,0.005338674411177635
BraTS-GLI-00772-001.npz,0.9613708853721619,0.9613708853721619,0.003911595791578293
BraTS-GLI-00774-001.npz,0.9243649840354919,0.9243649840354919,0.0042379070073366165
BraTS-GLI-00775-000.npz,0.9917207956314087,0.9917207956314087,0.0036439760588109493
BraTS-GLI-00775-001.npz,0.9582515954971313,0.9582515954971313,0.003939101006835699
BraTS-GLI-00777-000.npz,0.8630181550979614,0.8630181550979614,0.004778851289302111
BraTS-GLI-00778-000.npz,0.9453673362731934,0.9453673362731934,0.004052712116390467
BraTS-GLI-00780-000.npz,0.8616451025009155,0.8616451025009155,0.004790958948433399
BraTS-GLI-00781-000.npz,0.9187368154525757,0.9187368154525757,0.004287534859031439
BraTS-GLI-00782-000.npz,0.8749502897262573,0.8749502897262573,0.004673636518418789
BraTS-GLI-00784-000.npz,0.7255555391311646,0.7255555391311646,0.005990970879793167
BraTS-GLI-00787-000.npz,0.3746301531791687,0.3746301531791687,0.009085363708436489
BraTS-GLI-00788-000.npz,0.8779586553573608,0.8779586553573608,0.004647109191864729
BraTS-GLI-00789-000.npz,0.9097418785095215,0.9097418785095215,0.004366850480437279
BraTS-GLI-00791-000.npz,0.9056957960128784,0.9056957960128784,0.004402528051286936
BraTS-GLI-00792-000.npz,0.691413938999176,0.691413938999176,0.006292024627327919
BraTS-GLI-00793-000.npz,0.9747015237808228,0.9747015237808228,0.0037940489128232002
BraTS-GLI-00795-000.npz,0.9104899168014526,0.9104899168014526,0.004360254853963852
BraTS-GLI-00796-000.npz,0.8857055306434631,0.8857055306434631,0.004578798543661833
BraTS-GLI-00797-000.npz,0.8952431678771973,0.8952431678771973,0.004494697321206331
BraTS-GLI-00799-000.npz,0.8214036822319031,0.8214036822319031,0.005145799834281206
BraTS-GLI-00800-000.npz,0.847740650177002,0.847740650177002,0.004913565702736378
BraTS-GLI-00802-000.npz,0.9278014898300171,0.9278014898300171,0.004207604564726353
BraTS-GLI-00803-000.npz,0.8946169018745422,0.8946169018745422,0.004500219598412514
BraTS-GLI-00807-000.npz,0.8036837577819824,0.8036837577819824,0.005302050616592169
BraTS-GLI-00808-000.npz,0.8972788453102112,0.8972788453102112,0.00447674747556448
BraTS-GLI-00811-000.npz,0.7564792633056641,0.7564792633056641,0.005718291271477938
BraTS-GLI-00816-000.npz,0.9167227745056152,0.9167227745056152,0.004305294714868069
BraTS-GLI-00818-000.npz,0.9557658433914185,0.9557658433914185,0.003961020149290562
BraTS-GLI-00819-000.npz,0.9117485284805298,0.9117485284805298,0.004349156282842159
BraTS-GLI-00823-000.npz,0.7729036808013916,0.7729036808013916,0.005573463626205921
BraTS-GLI-00824-000.npz,0.8253055214881897,0.8253055214881897,0.005111394450068474
BraTS-GLI-00828-000.npz,0.9454622268676758,0.9454622268676758,0.004051875323057175
BraTS-GLI-00830-000.npz,0.7445858120918274,0.7445858120918274,0.00582316517829895
BraTS-GLI-00831-000.npz,0.9568183422088623,0.9568183422088623,0.003951739519834518
BraTS-GLI-00834-000.npz,0.509723424911499,0.509723424911499,0.007894136942923069
BraTS-GLI-00836-000.npz,0.8010227680206299,0.8010227680206299,0.0053255148231983185
BraTS-GLI-00837-000.npz,0.6996457576751709,0.6996457576751709,0.006219437811523676
BraTS-GLI-00838-000.npz,0.6194666624069214,0.6194666624069214,0.006926441565155983
BraTS-GLI-00839-000.npz,0.9835945963859558,0.9835945963859558,0.0037156313192099333
BraTS-GLI-00840-000.npz,0.9695624709129333,0.9695624709129333,0.003839364042505622
BraTS-GLI-00999-000.npz,0.7293187975883484,0.7293187975883484,0.005957786925137043
BraTS-GLI-01001-000.npz,0.4734118580818176,0.4734118580818176,0.00821432564407587
BraTS-GLI-01002-000.npz,0.41460609436035156,0.41460609436035156,0.008732863701879978
BraTS-GLI-01003-000.npz,0.5268101692199707,0.5268101692199707,0.007743469439446926
BraTS-GLI-01005-000.npz,0.88712477684021,0.88712477684021,0.004566283896565437
BraTS-GLI-01007-000.npz,0.8837741017341614,0.8837741017341614,0.004595829639583826
BraTS-GLI-01008-000.npz,0.9150549173355103,0.9150549173355103,0.004320001229643822
BraTS-GLI-01009-000.npz,0.9222647547721863,0.9222647547721863,0.004256426356732845
BraTS-GLI-01011-000.npz,0.7947574853897095,0.7947574853897095,0.005380760878324509
BraTS-GLI-01013-000.npz,0.9718696475028992,0.9718696475028992,0.0038190199993550777
BraTS-GLI-01014-000.npz,0.9213900566101074,0.9213900566101074,0.004264139104634523
BraTS-GLI-01015-000.npz,0.7461265325546265,0.7461265325546265,0.005809579510241747
BraTS-GLI-01016-000.npz,0.9304492473602295,0.9304492473602295,0.00418425677344203
BraTS-GLI-01017-000.npz,0.9338650703430176,0.9338650703430176,0.004154136870056391
BraTS-GLI-01018-000.npz,0.9503300189971924,0.9503300189971924,0.004008952062577009
BraTS-GLI-01019-000.npz,0.6064878702163696,0.6064878702163696,0.007040886208415031
BraTS-GLI-01022-000.npz,0.9023444652557373,0.9023444652557373,0.004432079382240772
BraTS-GLI-01023-000.npz,0.9052265286445618,0.9052265286445618,0.004406665917485952
BraTS-GLI-01024-000.npz,0.9197360873222351,0.9197360873222351,0.004278723616153002
BraTS-GLI-01025-000.npz,0.8905508518218994,0.8905508518218994,0.00453607365489006
BraTS-GLI-01026-000.npz,0.8883036971092224,0.8883036971092224,0.004555888473987579
BraTS-GLI-01027-000.npz,0.9221720099449158,0.9221720099449158,0.004257244057953358
BraTS-GLI-01027-001.npz,0.620515763759613,0.620515763759613,0.006917191203683615
BraTS-GLI-01028-000.npz,0.9231918454170227,0.9231918454170227,0.004248251207172871
BraTS-GLI-01030-000.npz,0.9396855235099792,0.9396855235099792,0.004102813079953194
BraTS-GLI-01031-000.npz,0.7968134880065918,0.7968134880065918,0.005362631753087044
BraTS-GLI-01032-000.npz,0.4261242747306824,0.4261242747306824,0.008631298318505287
BraTS-GLI-01033-000.npz,0.951163649559021,0.951163649559021,0.0040016015991568565
BraTS-GLI-01036-000.npz,0.6163519024848938,0.6163519024848938,0.006953907199203968
BraTS-GLI-01037-000.npz,0.496540904045105,0.496540904045105,0.00801037810742855
BraTS-GLI-01038-000.npz,0.7719224691390991,0.7719224691390991,0.005582116078585386
BraTS-GLI-01039-000.npz,0.5783426761627197,0.5783426761627197,0.007289065048098564
BraTS-GLI-01040-000.npz,0.5362101793289185,0.5362101793289185,0.0076605817303061485
BraTS-GLI-01041-000.npz,0.9210389852523804,0.9210389852523804,0.004267234820872545
BraTS-GLI-01042-000.npz,0.654814600944519,0.654814600944519,0.00661475071683526
BraTS-GLI-01043-000.npz,0.6260733604431152,0.6260733604431152,0.0068681854754686356
BraTS-GLI-01044-000.npz,0.5569772124290466,0.5569772124290466,0.007477462291717529
BraTS-GLI-01046-000.npz,0.810576856136322,0.810576856136322,0.005241268780082464
BraTS-GLI-01048-000.npz,0.8066790699958801,0.8066790699958801,0.005275638774037361
BraTS-GLI-01051-000.npz,0.6056051850318909,0.6056051850318909,0.00704866973683238
BraTS-GLI-01052-000.npz,0.6085107326507568,0.6085107326507568,0.0070230490528047085
BraTS-GLI-01053-000.npz,0.9232873320579529,0.9232873320579529,0.004247409291565418
BraTS-GLI-01054-000.npz,0.9765857458114624,0.9765857458114624,0.0037774343509227037
BraTS-GLI-01055-000.npz,0.48057276010513306,0.48057276010513306,0.008151181973516941
BraTS-GLI-01056-000.npz,0.8930791616439819,0.8930791616439819,0.004513779189437628
BraTS-GLI-01057-000.npz,0.8955956697463989,0.8955956697463989,0.004491589032113552
BraTS-GLI-01059-000.npz,0.9183639883995056,0.9183639883995056,0.0042908224277198315
BraTS-GLI-01060-000.npz,0.5008862018585205,0.5008862018585205,0.00797206163406372
BraTS-GLI-01061-000.npz,0.8171030282974243,0.8171030282974243,0.005183722358196974
BraTS-GLI-01064-000.npz,0.970073938369751,0.970073938369751,0.0038348541129380465
BraTS-GLI-01065-000.npz,0.8849350810050964,0.8849350810050964,0.004585592076182365
BraTS-GLI-01066-000.npz,0.879497766494751,0.879497766494751,0.004633537493646145
BraTS-GLI-01067-000.npz,0.8862534165382385,0.8862534165382385,0.004573967307806015
BraTS-GLI-01068-000.npz,0.853532612323761,0.853532612323761,0.004862493369728327
BraTS-GLI-01069-000.npz,0.826452374458313,0.826452374458313,0.005101281683892012
BraTS-GLI-01071-000.npz,0.8987584114074707,0.8987584114074707,0.004463700577616692
BraTS-GLI-01072-000.npz,0.9324373006820679,0.9324373006820679,0.00416672695428133
BraTS-GLI-01074-000.npz,0.9057970643043518,0.9057970643043518,0.004401635378599167
BraTS-GLI-01075-000.npz,0.921651303768158,0.921651303768158,0.004261835478246212
BraTS-GLI-01076-000.npz,0.9208518862724304,0.9208518862724304,0.0042688846588134766
BraTS-GLI-01078-000.npz,0.7951720356941223,0.7951720356941223,0.005377105437219143
BraTS-GLI-01079-000.npz,0.6984940767288208,0.6984940767288208,0.00622959341853857
BraTS-GLI-01081-000.npz,0.43856221437454224,0.43856221437454224,0.008521622978150845
BraTS-GLI-01082-000.npz,0.5036733150482178,0.5036733150482178,0.007947485893964767
BraTS-GLI-01083-000.npz,0.8962056636810303,0.8962056636810303,0.004486210644245148
BraTS-GLI-01085-000.npz,0.5595851540565491,0.5595851540565491,0.007454465609043837
BraTS-GLI-01086-000.npz,0.7695534825325012,0.7695534825325012,0.005603005178272724
BraTS-GLI-01088-000.npz,0.766679048538208,0.766679048538208,0.005628351587802172
BraTS-GLI-01089-000.npz,0.5108447074890137,0.5108447074890137,0.007884250022470951
BraTS-GLI-01090-000.npz,0.8982613682746887,0.8982613682746887,0.004468083381652832
BraTS-GLI-01091-000.npz,0.16908425092697144,0.16908425092697144,0.01089782826602459
BraTS-GLI-01092-000.npz,0.8599599599838257,0.8599599599838257,0.004805818200111389
BraTS-GLI-01094-000.npz,0.9587741494178772,0.9587741494178772,0.003934493288397789
BraTS-GLI-01096-000.npz,0.4383941888809204,0.4383941888809204,0.008523104712367058
BraTS-GLI-01097-000.npz,0.5931575298309326,0.5931575298309326,0.0071584307588636875
BraTS-GLI-01098-000.npz,0.9765644669532776,0.9765644669532776,0.003777621779590845
BraTS-GLI-01099-000.npz,0.5307837724685669,0.5307837724685669,0.007708430755883455
BraTS-GLI-01100-000.npz,0.9272441864013672,0.9272441864013672,0.004212518688291311
BraTS-GLI-01101-000.npz,0.8810688853263855,0.8810688853263855,0.004619683604687452
BraTS-GLI-01104-000.npz,0.5268235802650452,0.5268235802650452,0.007743350695818663
BraTS-GLI-01106-000.npz,0.8881537318229675,0.8881537318229675,0.004557210952043533
BraTS-GLI-01107-000.npz,0.9156639575958252,0.9156639575958252,0.0043146307580173016
BraTS-GLI-01108-000.npz,0.8787292242050171,0.8787292242050171,0.004640314262360334
BraTS-GLI-01109-000.npz,0.894605278968811,0.894605278968811,0.0045003220438957214
BraTS-GLI-01110-000.npz,0.8948108553886414,0.8948108553886414,0.00449850969016552
BraTS-GLI-01112-000.npz,0.8803079724311829,0.8803079724311829,0.0046263933181762695
BraTS-GLI-01114-000.npz,0.9018746018409729,0.9018746018409729,0.0044362228363752365
BraTS-GLI-01117-000.npz,0.7856025695800781,0.7856025695800781,0.005461486987769604
BraTS-GLI-01118-000.npz,0.7377303838729858,0.7377303838729858,0.005883615463972092
BraTS-GLI-01119-000.npz,0.5400840044021606,0.5400840044021606,0.007626423612236977
BraTS-GLI-01120-000.npz,0.9011241793632507,0.9011241793632507,0.0044428398832678795
BraTS-GLI-01121-000.npz,0.45680105686187744,0.45680105686187744,0.008360796608030796
BraTS-GLI-01122-000.npz,0.5022971630096436,0.5022971630096436,0.007959620095789433
BraTS-GLI-01123-000.npz,0.8800653219223022,0.8800653219223022,0.004628532566130161
BraTS-GLI-01125-000.npz,0.6692328453063965,0.6692328453063965,0.006487613543868065
BraTS-GLI-01126-000.npz,0.9145560264587402,0.9145560264587402,0.004324400331825018
BraTS-GLI-01127-000.npz,0.39940059185028076,0.39940059185028076,0.00886694248765707
BraTS-GLI-01128-000.npz,0.8408989906311035,0.8408989906311035,0.004973893985152245
BraTS-GLI-01129-000.npz,0.6158468723297119,0.6158468723297119,0.006958360318094492
BraTS-GLI-01130-000.npz,0.4761344790458679,0.4761344790458679,0.008190318010747433
BraTS-GLI-01131-000.npz,0.9343239068984985,0.9343239068984985,0.004150090739130974
BraTS-GLI-01132-000.npz,0.5605082511901855,0.5605082511901855,0.007446326315402985
BraTS-GLI-01133-000.npz,0.5596095323562622,0.5596095323562622,0.007454250939190388
BraTS-GLI-01134-000.npz,0.47295069694519043,0.47295069694519043,0.008218391798436642
BraTS-GLI-01136-000.npz,0.7819495797157288,0.7819495797157288,0.005493698641657829
BraTS-GLI-01137-000.npz,0.22269082069396973,0.22269082069396973,0.010425135493278503
BraTS-GLI-01138-000.npz,0.8974330425262451,0.8974330425262451,0.004475387744605541
BraTS-GLI-01139-000.npz,0.9921813607215881,0.9921813607215881,0.003639914793893695
BraTS-GLI-01140-000.npz,0.9264518022537231,0.9264518022537231,0.004219505935907364
BraTS-GLI-01141-000.npz,0.8974472880363464,0.8974472880363464,0.004475262016057968
BraTS-GLI-01143-000.npz,0.8764081001281738,0.8764081001281738,0.0046607814729213715
BraTS-GLI-01144-000.npz,0.9212418794631958,0.9212418794631958,0.004265445750206709
BraTS-GLI-01145-000.npz,0.9271541237831116,0.9271541237831116,0.004213312640786171
BraTS-GLI-01146-000.npz,0.9059647917747498,0.9059647917747498,0.0044001564383506775
BraTS-GLI-01147-000.npz,0.9554862976074219,0.9554862976074219,0.0039634848944842815
BraTS-GLI-01148-000.npz,0.9465761184692383,0.9465761184692383,0.00404205359518528
BraTS-GLI-01149-000.npz,0.9139131307601929,0.9139131307601929,0.004330069292336702
BraTS-GLI-01150-000.npz,0.9713051319122314,0.9713051319122314,0.00382399745285511
BraTS-GLI-01152-000.npz,0.7280431985855103,0.7280431985855103,0.0059690349735319614
BraTS-GLI-01153-000.npz,0.9707493782043457,0.9707493782043457,0.0038288983050733805
BraTS-GLI-01154-000.npz,0.9182668328285217,0.9182668328285217,0.004291679244488478
BraTS-GLI-01155-000.npz,0.8809652328491211,0.8809652328491211,0.004620597697794437
BraTS-GLI-01156-000.npz,0.9278612732887268,0.9278612732887268,0.00420707743614912
BraTS-GLI-01157-000.npz,0.8579492568969727,0.8579492568969727,0.004823547787964344
BraTS-GLI-01158-000.npz,0.8995143175125122,0.8995143175125122,0.004457035101950169
BraTS-GLI-01159-000.npz,0.9835063219070435,0.9835063219070435,0.0037164101377129555
BraTS-GLI-01160-000.npz,0.8013968467712402,0.8013968467712402,0.0053222160786390305
BraTS-GLI-01162-000.npz,0.9409765005111694,0.9409765005111694,0.004091429524123669
BraTS-GLI-01163-000.npz,0.5052647590637207,0.5052647590637207,0.007933452725410461
BraTS-GLI-01164-000.npz,0.9794283509254456,0.9794283509254456,0.0037523687351495028
BraTS-GLI-01165-000.npz,0.6915152072906494,0.6915152072906494,0.006291131488978863
BraTS-GLI-01166-000.npz,0.6363770961761475,0.6363770961761475,0.006777328904718161
BraTS-GLI-01168-000.npz,0.8308852910995483,0.8308852910995483,0.005062192678451538
BraTS-GLI-01169-000.npz,0.8888757228851318,0.8888757228851318,0.004550844430923462
BraTS-GLI-01170-000.npz,0.792314350605011,0.792314350605011,0.005402304232120514
BraTS-GLI-01171-000.npz,0.9320237636566162,0.9320237636566162,0.00417037308216095
BraTS-GLI-01172-000.npz,0.7797542810440063,0.7797542810440063,0.005513056181371212
BraTS-GLI-01173-000.npz,0.7786784768104553,0.7786784768104553,0.005522542633116245
BraTS-GLI-01174-000.npz,0.8073700666427612,0.8073700666427612,0.005269545596092939
BraTS-GLI-01175-000.npz,0.8309341073036194,0.8309341073036194,0.005061762407422066
BraTS-GLI-01177-000.npz,0.5919378995895386,0.5919378995895386,0.00716918520629406
BraTS-GLI-01178-000.npz,0.5353888273239136,0.5353888273239136,0.007667824625968933
BraTS-GLI-01179-000.npz,0.8873662948608398,0.8873662948608398,0.004564153961837292
BraTS-GLI-01180-000.npz,0.9438043236732483,0.9438043236732483,0.004066494293510914
BraTS-GLI-01182-000.npz,0.658342719078064,0.658342719078064,0.006583640351891518
BraTS-GLI-01183-000.npz,0.754194974899292,0.754194974899292,0.005738433450460434
BraTS-GLI-01184-000.npz,0.7895689010620117,0.7895689010620117,0.005426513031125069
BraTS-GLI-01186-000.npz,0.8008327484130859,0.8008327484130859,0.005327190738171339
BraTS-GLI-01187-000.npz,0.9226526618003845,0.9226526618003845,0.004253005608916283
BraTS-GLI-01188-000.npz,0.7068959474563599,0.7068959474563599,0.006155507173389196
BraTS-GLI-01189-000.npz,0.9203192591667175,0.9203192591667175,0.004273581318557262
BraTS-GLI-01190-000.npz,0.6641841530799866,0.6641841530799866,0.006532131694257259
BraTS-GLI-01191-000.npz,0.737404465675354,0.737404465675354,0.00588648859411478
BraTS-GLI-01192-000.npz,0.9180840849876404,0.9180840849876404,0.0042932904325425625
BraTS-GLI-01193-000.npz,0.8717423677444458,0.8717423677444458,0.0047019231133162975
BraTS-GLI-01194-000.npz,0.39462316036224365,0.39462316036224365,0.008909069001674652
BraTS-GLI-01195-000.npz,0.9238286018371582,0.9238286018371582,0.004242636729031801
BraTS-GLI-01197-000.npz,0.4624553918838501,0.4624553918838501,0.008310937322676182
BraTS-GLI-01201-000.npz,0.9426890015602112,0.9426890015602112,0.004076329059898853
BraTS-GLI-01202-000.npz,0.8336799740791321,0.8336799740791321,0.0050375498831272125
BraTS-GLI-01203-000.npz,0.8717995882034302,0.8717995882034302,0.004701418336480856
BraTS-GLI-01204-000.npz,0.8272175788879395,0.8272175788879395,0.005094533786177635
BraTS-GLI-01209-000.npz,0.6718671321868896,0.6718671321868896,0.006464384961873293
BraTS-GLI-01210-000.npz,0.9092499613761902,0.9092499613761902,0.00437118811532855
BraTS-GLI-01211-000.npz,0.9064642786979675,0.9064642786979675,0.004395751748234034
BraTS-GLI-01212-000.npz,0.6187485456466675,0.6187485456466675,0.006932774558663368
BraTS-GLI-01213-000.npz,0.6451069116592407,0.6451069116592407,0.006700351368635893
BraTS-GLI-01216-000.npz,0.8288677930831909,0.8288677930831909,0.005079982802271843
BraTS-GLI-01217-000.npz,0.8851907849311829,0.8851907849311829,0.004583337344229221
BraTS-GLI-01218-000.npz,0.89476478099823,0.89476478099823,0.004498915746808052
BraTS-GLI-01219-000.npz,0.906062662601471,0.906062662601471,0.004399293102324009
BraTS-GLI-01220-000.npz,0.7868397831916809,0.7868397831916809,0.005450577940791845
BraTS-GLI-01221-000.npz,0.9023948311805725,0.9023948311805725,0.004431635607033968
BraTS-GLI-01222-000.npz,0.8749099969863892,0.8749099969863892,0.004673991817981005
BraTS-GLI-01223-000.npz,0.8094202876091003,0.8094202876091003,0.005251467227935791
BraTS-GLI-01224-000.npz,0.4945792555809021,0.4945792555809021,0.008027675561606884
BraTS-GLI-01225-000.npz,0.7977801561355591,0.7977801561355591,0.005354107357561588
BraTS-GLI-01226-000.npz,0.4244793653488159,0.4244793653488159,0.008645802736282349
BraTS-GLI-01227-000.npz,0.6977094411849976,0.6977094411849976,0.006236512213945389
BraTS-GLI-01229-000.npz,0.914692759513855,0.914692759513855,0.004323194734752178
BraTS-GLI-01232-000.npz,0.975844144821167,0.975844144821167,0.0037839733995497227
BraTS-GLI-01234-000.npz,0.0,0.0,0.01238878071308136
BraTS-GLI-01235-000.npz,0.4547056555747986,0.4547056555747986,0.008379273116588593
BraTS-GLI-01236-000.npz,0.7722320556640625,0.7722320556640625,0.005579385906457901
BraTS-GLI-01237-000.npz,0.8607841730117798,0.8607841730117798,0.00479855015873909
BraTS-GLI-01238-000.npz,0.6583138704299927,0.6583138704299927,0.006583894602954388
BraTS-GLI-01239-000.npz,0.8383670449256897,0.8383670449256897,0.004996220115572214
BraTS-GLI-01240-000.npz,0.6804254055023193,0.6804254055023193,0.006388919427990913
BraTS-GLI-01242-000.npz,0.5485624670982361,0.5485624670982361,0.007551661226898432
BraTS-GLI-01243-000.npz,0.8888619542121887,0.8888619542121887,0.004550965968519449
BraTS-GLI-01244-000.npz,0.5811055302619934,0.5811055302619934,0.007264703046530485
BraTS-GLI-01245-000.npz,0.9247981309890747,0.9247981309890747,0.004234087187796831
BraTS-GLI-01246-000.npz,0.9077072739601135,0.9077072739601135,0.004384791478514671
BraTS-GLI-01249-000.npz,0.4863334894180298,0.4863334894180298,0.008100384846329689
BraTS-GLI-01250-000.npz,0.7430873513221741,0.7430873513221741,0.005836378317326307
BraTS-GLI-01251-000.npz,0.5991054773330688,0.5991054773330688,0.0071059828624129295
BraTS-GLI-01252-000.npz,0.9436607360839844,0.9436607360839844,0.004067760892212391
BraTS-GLI-01253-000.npz,0.7595931887626648,0.7595931887626648,0.0056908330880105495
BraTS-GLI-01254-000.npz,0.6559454202651978,0.6559454202651978,0.00660477951169014
BraTS-GLI-01256-000.npz,0.784629225730896,0.784629225730896,0.00547007005661726
BraTS-GLI-01257-000.npz,0.9360085725784302,0.9360085725784302,0.00413523567840457
BraTS-GLI-01258-000.npz,0.9331111311912537,0.9331111311912537,0.004160785116255283
BraTS-GLI-01260-000.npz,0.7059690952301025,0.7059690952301025,0.0061636799946427345
BraTS-GLI-01261-000.npz,0.9483765363693237,0.9483765363693237,0.004026177804917097
BraTS-GLI-01262-000.npz,0.7759085297584534,0.7759085297584534,0.005546967498958111
BraTS-GLI-01263-000.npz,0.8318508863449097,0.8318508863449097,0.005053678527474403
BraTS-GLI-01264-000.npz,0.9010878801345825,0.9010878801345825,0.00444315979257226
BraTS-GLI-01266-000.npz,0.8622872233390808,0.8622872233390808,0.004785296507179737
BraTS-GLI-01267-000.npz,0.8775938153266907,0.8775938153266907,0.004650325980037451
BraTS-GLI-01268-000.npz,0.41273778676986694,0.41273778676986694,0.008749337866902351
BraTS-GLI-01270-000.npz,0.4033737778663635,0.4033737778663635,0.008831907995045185
BraTS-GLI-01271-000.npz,0.7204495668411255,0.7204495668411255,0.006035993807017803
BraTS-GLI-01272-000.npz,0.7513163685798645,0.7513163685798645,0.005763816647231579
BraTS-GLI-01273-000.npz,0.5720875859260559,0.5720875859260559,0.007344221696257591
BraTS-GLI-01274-000.npz,0.6915124654769897,0.6915124654769897,0.00629115616902709
BraTS-GLI-01276-000.npz,0.8647497892379761,0.8647497892379761,0.00476358225569129
BraTS-GLI-01278-000.npz,0.8605992794036865,0.8605992794036865,0.004800180438905954
BraTS-GLI-01279-000.npz,0.7220580577850342,0.7220580577850342,0.006021810695528984
BraTS-GLI-01280-000.npz,0.5540275573730469,0.5540275573730469,0.007503471337258816
BraTS-GLI-01281-000.npz,0.9174532890319824,0.9174532890319824,0.004298852756619453
BraTS-GLI-01283-000.npz,0.935860276222229,0.935860276222229,0.004136543720960617
BraTS-GLI-01285-000.npz,0.906705379486084,0.906705379486084,0.004393626004457474
BraTS-GLI-01288-000.npz,0.7417913675308228,0.7417913675308228,0.0058478061109781265
BraTS-GLI-01292-000.npz,0.746324360370636,0.746324360370636,0.005807835143059492
BraTS-GLI-01293-000.npz,0.7950307130813599,0.7950307130813599,0.005378352012485266
BraTS-GLI-01294-000.npz,0.9002059102058411,0.9002059102058411,0.0044509368017315865
BraTS-GLI-01298-000.npz,0.7173647284507751,0.7173647284507751,0.006063195411115885
BraTS-GLI-01299-000.npz,0.4784168004989624,0.4784168004989624,0.008170193061232567
BraTS-GLI-01301-000.npz,0.620843231678009,0.620843231678009,0.0069143036380410194
BraTS-GLI-01302-000.npz,0.9348180890083313,0.9348180890083313,0.004145733546465635
BraTS-GLI-01305-000.npz,0.5068463087081909,0.5068463087081909,0.00791950710117817
BraTS-GLI-01309-000.npz,0.9735780954360962,0.9735780954360962,0.0038039551582187414
BraTS-GLI-01310-000.npz,0.8258651494979858,0.8258651494979858,0.005106459371745586
BraTS-GLI-01311-000.npz,0.907416820526123,0.907416820526123,0.004387352615594864
BraTS-GLI-01313-000.npz,0.8158990740776062,0.8158990740776062,0.005194338504225016
BraTS-GLI-01314-000.npz,0.938393235206604,0.938393235206604,0.004114208277314901
BraTS-GLI-01315-000.npz,0.823724627494812,0.823724627494812,0.005125334486365318
BraTS-GLI-01316-000.npz,0.8382004499435425,0.8382004499435425,0.00499768927693367
BraTS-GLI-01318-000.npz,0.8811566233634949,0.8811566233634949,0.004618910141289234
BraTS-GLI-01320-000.npz,0.6594781279563904,0.6594781279563904,0.006573628634214401
BraTS-GLI-01321-000.npz,0.8587857484817505,0.8587857484817505,0.004816172178834677
BraTS-GLI-01323-000.npz,0.8256165981292725,0.8256165981292725,0.005108651239424944
BraTS-GLI-01324-000.npz,0.9215070605278015,0.9215070605278015,0.004263107664883137
BraTS-GLI-01328-000.npz,0.8564557433128357,0.8564557433128357,0.0048367176204919815
BraTS-GLI-01329-000.npz,0.9377623200416565,0.9377623200416565,0.004119771532714367
BraTS-GLI-01330-000.npz,0.9328349828720093,0.9328349828720093,0.0041632200591266155
BraTS-GLI-01331-000.npz,0.8103302717208862,0.8103302717208862,0.005243442952632904
BraTS-GLI-01333-000.npz,0.12631100416183472,0.12631100416183472,0.011274994350969791
BraTS-GLI-01334-000.npz,0.6384387016296387,0.6384387016296387,0.006759150419384241
BraTS-GLI-01335-000.npz,0.5860159397125244,0.5860159397125244,0.007221403997391462
BraTS-GLI-01337-000.npz,0.9101342558860779,0.9101342558860779,0.004363390617072582
BraTS-GLI-01339-000.npz,0.4761771559715271,0.4761771559715271,0.008189941756427288
BraTS-GLI-01340-000.npz,0.7679194211959839,0.7679194211959839,0.0056174136698246
BraTS-GLI-01342-000.npz,0.7369080781936646,0.7369080781936646,0.005890865810215473
BraTS-GLI-01343-000.npz,0.49426811933517456,0.49426811933517456,0.008030419237911701
BraTS-GLI-01344-000.npz,0.12542563676834106,0.12542563676834106,0.011282801628112793
BraTS-GLI-01346-000.npz,0.4015752077102661,0.4015752077102661,0.008847767487168312
BraTS-GLI-01347-000.npz,0.8831087946891785,0.8831087946891785,0.004601696040481329
BraTS-GLI-01348-000.npz,0.9366074204444885,0.9366074204444885,0.004129955545067787
BraTS-GLI-01349-000.npz,0.9571439027786255,0.9571439027786255,0.003948868717998266
BraTS-GLI-01350-000.npz,0.9869565963745117,0.9869565963745117,0.0036859859246760607
BraTS-GLI-01351-000.npz,0.40144938230514526,0.40144938230514526,0.008848876692354679
BraTS-GLI-01353-000.npz,0.6682029366493225,0.6682029366493225,0.00649669487029314
BraTS-GLI-01354-000.npz,0.5041111707687378,0.5041111707687378,0.007943624630570412
BraTS-GLI-01355-000.npz,0.7034135460853577,0.7034135460853577,0.006186214275658131
BraTS-GLI-01356-000.npz,0.922349214553833,0.922349214553833,0.004255681298673153
BraTS-GLI-01357-000.npz,0.45296919345855713,0.45296919345855713,0.008394584991037846
BraTS-GLI-01359-000.npz,0.44865334033966064,0.44865334033966064,0.008432641625404358
BraTS-GLI-01361-000.npz,0.5384652614593506,0.5384652614593506,0.007640696596354246
BraTS-GLI-01363-000.npz,0.5739375352859497,0.5739375352859497,0.007327909115701914
BraTS-GLI-01364-000.npz,0.9488683938980103,0.9488683938980103,0.004021840635687113
BraTS-GLI-01367-000.npz,0.925565242767334,0.925565242767334,0.004227323457598686
BraTS-GLI-01369-000.npz,0.9461422562599182,0.9461422562599182,0.004045879002660513
BraTS-GLI-01370-000.npz,0.9467096328735352,0.9467096328735352,0.004040875937789679
BraTS-GLI-01371-000.npz,0.664941668510437,0.664941668510437,0.006525452248752117
BraTS-GLI-01372-000.npz,0.7667864561080933,0.7667864561080933,0.005627404432743788
BraTS-GLI-01373-000.npz,0.6436666250228882,0.6436666250228882,0.006713051348924637
BraTS-GLI-01374-000.npz,0.4848775863647461,0.4848775863647461,0.008113223128020763
BraTS-GLI-01376-000.npz,0.527510404586792,0.527510404586792,0.0077372947707772255
BraTS-GLI-01378-000.npz,0.8307003974914551,0.8307003974914551,0.00506382342427969
BraTS-GLI-01381-000.npz,0.8819423913955688,0.8819423913955688,0.004611981101334095
BraTS-GLI-01382-000.npz,0.4713066816329956,0.4713066816329956,0.008232888765633106
BraTS-GLI-01383-000.npz,0.4671770930290222,0.4671770930290222,0.008269302546977997
BraTS-GLI-01384-000.npz,0.38239407539367676,0.38239407539367676,0.00901690311729908
BraTS-GLI-01385-000.npz,0.3719756603240967,0.3719756603240967,0.0091087706387043
BraTS-GLI-01388-000.npz,0.41589659452438354,0.41589659452438354,0.008721483871340752
BraTS-GLI-01390-000.npz,0.6727847456932068,0.6727847456932068,0.006456293165683746
BraTS-GLI-01391-000.npz,0.5330750942230225,0.5330750942230225,0.00768822617828846
BraTS-GLI-01392-000.npz,0.7788933515548706,0.7788933515548706,0.00552064785733819
BraTS-GLI-01393-000.npz,0.6041975617408752,0.6041975617408752,0.007061081938445568
BraTS-GLI-01396-000.npz,0.8563382029533386,0.8563382029533386,0.0048377541825175285
BraTS-GLI-01397-000.npz,0.9423750042915344,0.9423750042915344,0.004079097881913185
BraTS-GLI-01398-000.npz,0.42797917127609253,0.42797917127609253,0.00861494243144989
BraTS-GLI-01399-000.npz,0.9276390075683594,0.9276390075683594,0.004209036938846111
BraTS-GLI-01400-000.npz,0.8780641555786133,0.8780641555786133,0.004646178800612688
BraTS-GLI-01402-000.npz,0.8678154349327087,0.8678154349327087,0.004736550152301788
BraTS-GLI-01403-000.npz,0.7884737849235535,0.7884737849235535,0.005436169449239969
BraTS-GLI-01404-000.npz,0.8998695611953735,0.8998695611953735,0.004453903064131737
BraTS-GLI-01407-000.npz,0.41860491037368774,0.41860491037368774,0.008697602897882462
BraTS-GLI-01408-000.npz,0.7294433116912842,0.7294433116912842,0.005956688895821571
BraTS-GLI-01409-000.npz,0.4721270203590393,0.4721270203590393,0.008225655183196068
BraTS-GLI-01410-000.npz,0.4860825538635254,0.4860825538635254,0.008102597668766975
BraTS-GLI-01412-000.npz,0.9467299580574036,0.9467299580574036,0.004040696658194065
BraTS-GLI-01415-000.npz,0.9070607423782349,0.9070607423782349,0.004390492103993893
BraTS-GLI-01416-000.npz,0.8558474183082581,0.8558474183082581,0.004842081572860479
BraTS-GLI-01417-000.npz,0.8885063529014587,0.8885063529014587,0.004554101265966892
BraTS-GLI-01418-000.npz,0.8136683106422424,0.8136683106422424,0.005214008968323469
BraTS-GLI-01419-000.npz,0.9436616897583008,0.9436616897583008,0.004067752044647932
BraTS-GLI-01420-000.npz,0.6501533389091492,0.6501533389091492,0.006655852776020765
BraTS-GLI-01421-000.npz,0.9109601378440857,0.9109601378440857,0.0043561081402003765
BraTS-GLI-01422-000.npz,0.931453287601471,0.931453287601471,0.004175403621047735
BraTS-GLI-01423-000.npz,0.9608873128890991,0.9608873128890991,0.00391585985198617
BraTS-GLI-01424-000.npz,0.8231726884841919,0.8231726884841919,0.0051302011124789715
BraTS-GLI-01425-000.npz,0.7732628583908081,0.7732628583908081,0.005570296663790941
BraTS-GLI-01426-000.npz,0.8975521326065063,0.8975521326065063,0.004474337678402662
BraTS-GLI-01427-000.npz,0.9167138934135437,0.9167138934135437,0.004305372945964336
BraTS-GLI-01428-000.npz,0.6633715629577637,0.6633715629577637,0.0065392968244850636
BraTS-GLI-01430-000.npz,0.8022232055664062,0.8022232055664062,0.005314929876476526
BraTS-GLI-01432-000.npz,0.8801721334457397,0.8801721334457397,0.004627590999007225
BraTS-GLI-01433-000.npz,0.8001235723495483,0.8001235723495483,0.005333443637937307
BraTS-GLI-01434-000.npz,0.7566015720367432,0.7566015720367432,0.005717212334275246
BraTS-GLI-01436-000.npz,0.8736388683319092,0.8736388683319092,0.004685200285166502
BraTS-GLI-01437-000.npz,0.9306616187095642,0.9306616187095642,0.0041823843494057655
BraTS-GLI-01438-000.npz,0.7648077011108398,0.7648077011108398,0.005644852761179209
BraTS-GLI-01439-000.npz,0.9603564143180847,0.9603564143180847,0.0039205411449074745
BraTS-GLI-01440-000.npz,0.934158444404602,0.934158444404602,0.004151550121605396
BraTS-GLI-01441-000.npz,0.7605454325675964,0.7605454325675964,0.005682436283677816
BraTS-GLI-01443-000.npz,0.801416277885437,0.801416277885437,0.0053220451809465885
BraTS-GLI-01444-000.npz,0.8594521284103394,0.8594521284103394,0.00481029599905014
BraTS-GLI-01445-000.npz,0.8587071299552917,0.8587071299552917,0.004816865082830191
BraTS-GLI-01446-000.npz,0.8302540183067322,0.8302540183067322,0.005067759193480015
BraTS-GLI-01447-000.npz,0.7483507990837097,0.7483507990837097,0.005789966322481632
BraTS-GLI-01449-000.npz,0.6437598466873169,0.6437598466873169,0.006712228991091251
BraTS-GLI-01451-000.npz,0.39207690954208374,0.39207690954208374,0.008931521326303482
BraTS-GLI-01452-000.npz,0.8892499804496765,0.8892499804496765,0.004547544289380312
BraTS-GLI-01453-000.npz,0.8376420736312866,0.8376420736312866,0.005002613179385662
BraTS-GLI-01454-000.npz,0.41258180141448975,0.41258180141448975,0.008750713430345058
BraTS-GLI-01455-000.npz,0.9016363024711609,0.9016363024711609,0.004438323900103569
BraTS-GLI-01456-000.npz,0.8747668266296387,0.8747668266296387,0.004675253760069609
BraTS-GLI-01460-000.npz,0.8269637823104858,0.8269637823104858,0.005096771754324436
BraTS-GLI-01462-000.npz,0.8755912780761719,0.8755912780761719,0.004667984321713448
BraTS-GLI-01463-000.npz,0.9395726919174194,0.9395726919174194,0.00410380819812417
BraTS-GLI-01464-000.npz,0.6516238451004028,0.6516238451004028,0.006642886437475681
BraTS-GLI-01465-000.npz,0.8609732985496521,0.8609732985496521,0.004796882625669241
BraTS-GLI-01467-000.npz,0.7590420246124268,0.7590420246124268,0.00569569319486618
BraTS-GLI-01468-000.npz,0.9040912389755249,0.9040912389755249,0.004416676703840494
BraTS-GLI-01470-000.npz,0.7538984417915344,0.7538984417915344,0.005741048138588667
BraTS-GLI-01471-000.npz,0.8695768117904663,0.8695768117904663,0.004721018485724926
BraTS-GLI-01473-000.npz,0.4402291774749756,0.4402291774749756,0.008506923913955688
BraTS-GLI-01474-000.npz,0.9101994037628174,0.9101994037628174,0.004362816456705332
BraTS-GLI-01475-000.npz,0.8913125991821289,0.8913125991821289,0.004529356490820646
BraTS-GLI-01478-000.npz,0.8644962310791016,0.8644962310791016,0.004765817895531654
BraTS-GLI-01479-000.npz,0.9553992748260498,0.9553992748260498,0.003964252304285765
BraTS-GLI-01480-000.npz,0.9438062906265259,0.9438062906265259,0.0040664770640432835
BraTS-GLI-01481-000.npz,0.8870158791542053,0.8870158791542053,0.004567244090139866
BraTS-GLI-01482-000.npz,0.6172905564308167,0.6172905564308167,0.00694563053548336
BraTS-GLI-01483-000.npz,0.9440966248512268,0.9440966248512268,0.0040639168582856655
BraTS-GLI-01486-000.npz,0.9483213424682617,0.9483213424682617,0.004026664420962334
BraTS-GLI-01488-000.npz,0.6364070177078247,0.6364070177078247,0.0067770653404295444
BraTS-GLI-01489-000.npz,0.8855974078178406,0.8855974078178406,0.004579751752316952
BraTS-GLI-01491-000.npz,0.8870965242385864,0.8870965242385864,0.004566533025354147
BraTS-GLI-01492-000.npz,0.9538620710372925,0.9538620710372925,0.003977807238698006
BraTS-GLI-01495-000.npz,0.8526674509048462,0.8526674509048462,0.0048701222985982895
BraTS-GLI-01496-000.npz,0.73802649974823,0.73802649974823,0.00588100403547287
BraTS-GLI-01497-000.npz,0.9348985552787781,0.9348985552787781,0.004145023878663778
BraTS-GLI-01498-000.npz,0.6473526358604431,0.6473526358604431,0.006680548656731844
BraTS-GLI-01499-000.npz,0.5907286405563354,0.5907286405563354,0.00717984838411212
BraTS-GLI-01500-000.npz,0.5577304363250732,0.5577304363250732,0.007470820099115372
BraTS-GLI-01501-000.npz,0.9345402121543884,0.9345402121543884,0.004148183856159449
BraTS-GLI-01502-000.npz,0.6960642337799072,0.6960642337799072,0.006251018960028887
BraTS-GLI-01503-000.npz,0.5687603950500488,0.5687603950500488,0.007373559754341841
BraTS-GLI-01504-000.npz,0.8256765007972717,0.8256765007972717,0.005108123179525137
BraTS-GLI-01507-000.npz,0.8242406249046326,0.8242406249046326,0.005120784509927034
BraTS-GLI-01510-000.npz,0.7509716749191284,0.7509716749191284,0.0057668560184538364
BraTS-GLI-01511-000.npz,0.7394237518310547,0.7394237518310547,0.005868683103471994
BraTS-GLI-01512-000.npz,0.903818666934967,0.903818666934967,0.004419080447405577
BraTS-GLI-01513-000.npz,0.7475377321243286,0.7475377321243286,0.0057971361093223095
BraTS-GLI-01514-000.npz,0.9299501776695251,0.9299501776695251,0.004188657738268375
BraTS-GLI-01516-000.npz,0.6646819710731506,0.6646819710731506,0.006527741905301809
BraTS-GLI-01517-000.npz,0.8861861228942871,0.8861861228942871,0.004574561025947332
BraTS-GLI-01520-000.npz,0.9745060205459595,0.9745060205459595,0.003795773023739457
BraTS-GLI-01522-000.npz,0.96220862865448,0.96220862865448,0.00390420900657773
BraTS-GLI-01523-000.npz,0.8645716309547424,0.8645716309547424,0.004765153396874666
BraTS-GLI-01525-000.npz,0.7436389923095703,0.7436389923095703,0.005831514019519091
BraTS-GLI-01526-000.npz,0.8524519205093384,0.8524519205093384,0.004872022662311792
BraTS-GLI-01527-000.npz,0.9565600752830505,0.9565600752830505,0.003954016603529453
BraTS-GLI-01528-000.npz,0.8986068367958069,0.8986068367958069,0.004465037491172552
BraTS-GLI-01529-000.npz,0.9659663438796997,0.9659663438796997,0.0038710739463567734
BraTS-GLI-01530-000.npz,0.4567852020263672,0.4567852020263672,0.008360936306416988
BraTS-GLI-01531-000.npz,0.9449089765548706,0.9449089765548706,0.004056754056364298
BraTS-GLI-01532-000.npz,0.798845648765564,0.798845648765564,0.005344712641090155
BraTS-GLI-01533-000.npz,0.840735673904419,0.840735673904419,0.004975334275513887
BraTS-GLI-01534-000.npz,0.9549872279167175,0.9549872279167175,0.003967885859310627
BraTS-GLI-01535-000.npz,0.9784145355224609,0.9784145355224609,0.0037613085005432367
BraTS-GLI-01536-000.npz,0.9378916025161743,0.9378916025161743,0.004118631593883038
BraTS-GLI-01537-000.npz,0.9396516680717468,0.9396516680717468,0.004103112034499645
BraTS-GLI-01610-000.npz,0.9285515546798706,0.9285515546798706,0.004200990777462721
BraTS-GLI-01658-000.npz,0.48597443103790283,0.48597443103790283,0.008103551343083382
BraTS-GLI-01660-000.npz,0.7844631671905518,0.7844631671905518,0.0054715340957045555
BraTS-GLI-01661-000.npz,0.890818178653717,0.890818178653717,0.004533716011792421
BraTS-GLI-01663-000.npz,0.9306830763816833,0.9306830763816833,0.004182195290923119
BraTS-GLI-01664-000.npz,0.8995327949523926,0.8995327949523926,0.004456872586160898
BraTS-GLI-01665-000.npz,0.8605862259864807,0.8605862259864807,0.004800295922905207
